<?xml version="1.0" encoding="UTF-8"?>
<addon
  id="resource.language.ro_ro"
  version="9.0.13"
  name="Romanian"
  provider-name="Team Kodi">
  <requires>
    <import addon="kodi.resource" version="1.0.0"/>
  </requires>
  <extension
    point="kodi.resource.language"
    locale="ro_RO">
    <charsets>
      <gui>UTF-8</gui>
      <subtitle>ISO-8859-2</subtitle>
    </charsets>
    <sorttokens>
      <token>The</token>
    </sorttokens>
  </extension>
  <extension point="kodi.addon.metadata">
    <summary lang="en">Romanian language pack</summary>
    <description lang="en">Romanian version of all texts used in Kodi.</description>
    <platform>all</platform>
    <assets>
      <icon>icon.png</icon>
    </assets>
  </extension>
</addon>
