<?xml version="1.0" encoding="UTF-8"?>
<addon
  id="resource.language.it_it"
  version="9.0.15"
  name="Italian"
  provider-name="Team Kodi">
  <requires>
    <import addon="kodi.resource" version="1.0.0"/>
  </requires>
  <extension
    point="kodi.resource.language"
    locale="it_IT">
    <charsets>
      <gui>CP1252</gui>
      <subtitle>CP1252</subtitle>
    </charsets>
    <sorttokens>
      <token>Il</token>
      <token>Lo</token>
      <token>La</token>
      <token>I</token>
      <token>Gli</token>
      <token>Le</token>
      <token separators="'">L</token>
      <token>Un</token>
      <token>Uno</token>
      <token>Una</token>
      <token>The</token>
    </sorttokens>
  </extension>
  <extension point="kodi.addon.metadata">
    <summary lang="en">Italian language pack</summary>
    <description lang="en">Italian version of all texts used in Kodi.</description>
    <platform>all</platform>
    <assets>
      <icon>icon.png</icon>
    </assets>
  </extension>
</addon>
